User-ID,N_ratings,avg_rating
USER_56601,11143,4.58215920308714
USER_54845,6456,0.019052044609665426
USER_52453,5814,2.7487100103199174
USER_73501,4290,0.0034965034965034965
USER_03411,3453,8.737909064581523
USER_17715,3429,1.0037911927675707
USER_06837,3329,0.14689095824571943
USER_33706,2971,0.8128576236957253
USER_64601,2943,2.7750594631328576
USER_72452,2857,0.9173958697934896
